{"cameraMode":{"drawMode":0,"name":"Shaded","section":"Shading Mode"},"sceneLighting":true,"audioPlay":false,"sceneViewState":{"showFog":true,"showMaterialUpdate":false,"showSkybox":true,"showFlares":true,"showImageEffects":true,"showParticleSystems":true},"in2DMode":false,"pivot":{"x":942.3477783203125,"y":427.5636291503906,"z":-174.9644775390625},"rotation":{"x":-0.1388910710811615,"y":0.08071107417345047,"z":-0.011358263902366162,"w":-0.986948549747467},"size":137.12339782714845,"orthographic":false}